{
  "algo": "pagerank",
  "seconds_load_graph": 0.1529548168182373,
  "seconds_compute": 0.08054089546203613,
  "seconds_total": 0.23349571228027344,
  "top20": [
    11692,
    7354,
    10105,
    15181,
    5328,
    10801,
    19175,
    5088,
    5346,
    9397,
    11538,
    17256,
    7131,
    2902,
    10728,
    15419,
    10912,
    14605,
    10186,
    10292
  ]
}