{
  "algo": "rwr",
  "seconds_load_graph": 0.10971236228942871,
  "seconds_compute": 0.049139976501464844,
  "seconds_total": 0.15885233879089355,
  "top20": [
    0,
    5859,
    19351,
    12440,
    4031,
    13980,
    12040,
    12770,
    3711,
    19661,
    5345,
    10584,
    1802,
    11237,
    3325,
    13094,
    16118,
    3126,
    4126,
    19679
  ]
}