{
  "algo": "hits",
  "seconds_load_graph": 0.06485557556152344,
  "seconds_compute": 1.2085094451904297,
  "seconds_total": 1.2733650207519531,
  "top20_authority": [
    11518,
    3678,
    14605,
    14352,
    19168,
    12617,
    7354,
    12102,
    12509,
    11284,
    13883,
    8765,
    14045,
    13156,
    19343,
    13329,
    14161,
    10767,
    10750,
    5046
  ],
  "top20_hub": [
    11518,
    3678,
    14605,
    14352,
    19168,
    12617,
    7354,
    12102,
    12509,
    11284,
    13883,
    8765,
    14045,
    13156,
    19343,
    13329,
    14161,
    10767,
    10750,
    5046
  ]
}