{
  "algo": "pagerank",
  "seconds_load_graph": 0.07214045524597168,
  "seconds_compute": 0.07754087448120117,
  "seconds_total": 0.14968132972717285,
  "top20": [
    19175,
    10105,
    5346,
    3452,
    5328,
    7354,
    10912,
    11692,
    10728,
    2902,
    16734,
    14352,
    11518,
    8046,
    19343,
    10801,
    4356,
    14605,
    3678,
    10292
  ]
}