{
  "algo": "rwr",
  "seconds_load_graph": 0.06236410140991211,
  "seconds_compute": 0.04755902290344238,
  "seconds_total": 0.10992312431335449,
  "top20": [
    0,
    5859,
    19351,
    4031,
    12440,
    5345,
    13980,
    12040,
    19661,
    3325,
    13265,
    15663,
    1802,
    10584,
    11879,
    3711,
    3367,
    4126,
    4109,
    3126
  ]
}