{
  "mode": "single",
  "graph_path": "/home/admin-account/fyp-project-test-02/out/feature_graph_top50_csr_parallel_w4.npz",
  "total_seconds_wall": 1.5500352382659912,
  "results": [
    {
      "algo": "pagerank",
      "seconds_load_graph": 0.07214045524597168,
      "seconds_compute": 0.07754087448120117,
      "seconds_total": 0.14968132972717285,
      "top20": [
        19175,
        10105,
        5346,
        3452,
        5328,
        7354,
        10912,
        11692,
        10728,
        2902,
        16734,
        14352,
        11518,
        8046,
        19343,
        10801,
        4356,
        14605,
        3678,
        10292
      ]
    },
    {
      "algo": "rwr",
      "seconds_load_graph": 0.06236410140991211,
      "seconds_compute": 0.04755902290344238,
      "seconds_total": 0.10992312431335449,
      "top20": [
        0,
        5859,
        19351,
        4031,
        12440,
        5345,
        13980,
        12040,
        19661,
        3325,
        13265,
        15663,
        1802,
        10584,
        11879,
        3711,
        3367,
        4126,
        4109,
        3126
      ]
    },
    {
      "algo": "hits",
      "seconds_load_graph": 0.06485557556152344,
      "seconds_compute": 1.2085094451904297,
      "seconds_total": 1.2733650207519531,
      "top20_authority": [
        11518,
        3678,
        14605,
        14352,
        19168,
        12617,
        7354,
        12102,
        12509,
        11284,
        13883,
        8765,
        14045,
        13156,
        19343,
        13329,
        14161,
        10767,
        10750,
        5046
      ],
      "top20_hub": [
        11518,
        3678,
        14605,
        14352,
        19168,
        12617,
        7354,
        12102,
        12509,
        11284,
        13883,
        8765,
        14045,
        13156,
        19343,
        13329,
        14161,
        10767,
        10750,
        5046
      ]
    }
  ]
}