{
  "algo": "hits",
  "seconds_load_graph": 0.061014413833618164,
  "seconds_compute": 1.0670578479766846,
  "seconds_total": 1.1280722618103027,
  "top20_authority": [
    10105,
    10801,
    5328,
    5088,
    19175,
    11538,
    9397,
    7131,
    5346,
    17256,
    10912,
    10189,
    9773,
    4715,
    13665,
    10397,
    10615,
    3995,
    7878,
    11009
  ],
  "top20_hub": [
    10105,
    10801,
    5328,
    5088,
    19175,
    11538,
    9397,
    7131,
    5346,
    17256,
    10912,
    10189,
    9773,
    4715,
    13665,
    10397,
    10615,
    3995,
    7878,
    11009
  ]
}