{
  "algo": "pagerank",
  "seconds_load_graph": 0.06108403205871582,
  "seconds_compute": 0.06665229797363281,
  "seconds_total": 0.12773633003234863,
  "top20": [
    11692,
    7354,
    10105,
    15181,
    5328,
    10801,
    19175,
    5088,
    5346,
    9397,
    11538,
    17256,
    7131,
    2902,
    10728,
    15419,
    10912,
    14605,
    10186,
    10292
  ]
}